date,username,to,replies,retweets,favorites,text,geo,mentions,hashtags,id,permalink
2020-03-14 03:02:02,MohamedSunosi3,Craig_Foster,0,0,1,"My freedom soccer game ",,,,1238661638149955585,https://twitter.com/MohamedSunosi3/status/1238661638149955585
2020-03-12 09:04:34,KSunosi,B_hundred_Hyun,0,0,0,"Oppa please be happy and healthy you and exo love you guys ",,,,1238028098278490113,https://twitter.com/KSunosi/status/1238028098278490113
2020-03-10 00:14:33,MohamedSunosi3,,0,2,0,"#Janjwed Arab militias group committing genocide everyday in Darfur ,my hometown is still bleeding and my people are suffering ,this massacre took place in Darfur Hijer Togni just yesterday , #SaveDarfur",,,#Janjwed #SaveDarfur,1237169939653382145,https://twitter.com/MohamedSunosi3/status/1237169939653382145
2020-03-09 16:52:11,Vinzz79,SuperBobSaget,0,0,0,"I was a test patient in trials of sunosi.. it really worked for me.. and only had a little headache as a side effect.. can't wait till it's available in Holland...",,,,1237058613723701248,https://twitter.com/Vinzz79/status/1237058613723701248
2020-03-08 14:11:07,MohamedSunosi3,,0,1,3,"“Every Home, Every Heart, Every Feeling, Every Moment of Happiness is incomplete without you.. Only you can complete this world”. Happy Women’s Day ",,,,1236655690535460864,https://twitter.com/MohamedSunosi3/status/1236655690535460864
2020-03-08 13:59:09,MohamedSunosi3,,0,1,4,"8/3/2030 Happy Women’s day ",,,,1236652679864049669,https://twitter.com/MohamedSunosi3/status/1236652679864049669
2020-03-08 00:39:54,MohamedSunosi3,,0,5,0,"Refugees accommodation at Vaivai Street, East Boroko, 4Mile have been attacked again by group of locals drunk yesterday and they were trying to get into the accommodation and They have hit the security guards at the gate. The guys were so scared and in fears of their safety.",,,,1236451543991238656,https://twitter.com/MohamedSunosi3/status/1236451543991238656
2020-03-07 13:48:18,BSeay05,,0,0,0,"The newest treatment for Narcolepsy, Solriamfetol (Sunosi) #GASP20 #SleepMed",,,#GASP20 #SleepMed,1236287561095688193,https://twitter.com/BSeay05/status/1236287561095688193
2020-03-06 21:37:06,MohamedSunosi3,,1,0,1,"There are so many people in the world who refuse to believe in the great things that are inside of them because they don’t see how those things can lead them into who they are ? truly meant to be .",,,,1236043153162952704,https://twitter.com/MohamedSunosi3/status/1236043153162952704
2020-03-06 21:29:12,MohamedSunosi3,,0,1,2,"Don’t ever let anyone tell you that you’re not good enough, talented enough or smart enough to achieve your dreams! You can do it",,,,1236041162219065344,https://twitter.com/MohamedSunosi3/status/1236041162219065344
2020-03-06 21:21:37,MohamedSunosi3,Craig_Foster,0,2,3,"What have been happening in offshore is a great brutality and torture",,,,1236039254192443393,https://twitter.com/MohamedSunosi3/status/1236039254192443393
2020-03-03 22:31:11,MattB49301653,briandkent,0,0,1,"Brian, I agree, that would be great, but often there is no option beyond modafinil for patients with IH away from Guy's. Some hospitals won't even treat it. Plus there are no applications with NICE or the MHRA to treat IH, even for Sunosi. Any new options would be great.",,,,1234969599172464640,https://twitter.com/MattB49301653/status/1234969599172464640
2020-02-28 14:05:10,alexlucio3b,,0,0,0,"Sunosi approved in Europe for EDS in narcolepsy, sleep apnoea ",,,,1233392702349287425,https://twitter.com/alexlucio3b/status/1233392702349287425
2020-02-27 04:01:33,SuperBobSaget,,3,0,0,"anyone tried #SUNOSI (solriamfetol)? how does it compare to Nuvigil / Provigil?",,,#SUNOSI,1232878411808485376,https://twitter.com/SuperBobSaget/status/1232878411808485376
2020-02-26 22:02:47,dtwResearchInc,,0,0,0,"Stay awake, amazing things happen during the day! #JazzPharmaceuticals #sunosi #solriamfetol #narcolepsy #excessivedaytimesleepiness #EDS #obstructivesleepapnea #OSA #sleepapnea #stayawake #sleepdisorder #centralnervoussystem #interestingmarketing #dtwmarketspotlight",,,#JazzPharmaceuticals #sunosi #solriamfetol #narcolepsy #excessivedaytimesleepiness #EDS #obstructivesleepapnea #OSA #sleepapnea #stayawake #sleepdisorder #centralnervoussystem #interestingmarketing #dtwmarketspotlight,1232788122905333767,https://twitter.com/dtwResearchInc/status/1232788122905333767
2020-02-25 12:23:08,TheMuslimHippie,,0,0,0,"I hope my sunosi script comes soon. I want to be up during the day, not sleep excessively. It’s weird how narcolepsy interacts with bipolar.",,,,1232279861118611457,https://twitter.com/TheMuslimHippie/status/1232279861118611457
2020-02-20 13:13:02,TheMuslimHippie,,0,0,0,"It funny how I expect all of my psych meds to work the same. I take Prozac in the morning and expect an immediate response like when I take my Ritalin or sunosi. Forgetting that all my meds are different.",,,,1230480479951949826,https://twitter.com/TheMuslimHippie/status/1230480479951949826
2020-02-18 06:21:20,NCsleepnbeauty,,1,0,0,"Anyone else dealing with #ritalin #Sunosi #Effexor breaking out or itching. ?? #narcolepsy #cataplexy",,,#ritalin #Sunosi #Effexor #narcolepsy #cataplexy,1229652099136274432,https://twitter.com/NCsleepnbeauty/status/1229652099136274432
2020-02-16 05:48:10,bcc_bykbnr,NCsleepnbeauty,1,0,0,"Sunosi makes me curious.",,,,1228918973632327680,https://twitter.com/bcc_bykbnr/status/1228918973632327680
2020-02-13 07:17:50,NCsleepnbeauty,,1,0,0,"Currently taking a day ... Ritalin -30mg Effexor - 75mg Sunosi - 75mg #narcolepsy #Neurology #sleepingdisorder #cataplexy",,,#narcolepsy #Neurology #sleepingdisorder #cataplexy,1227854376192004096,https://twitter.com/NCsleepnbeauty/status/1227854376192004096
2020-02-13 02:23:25,Nat_Sleep,,0,0,2,"Solriamfetol (sunosi) has received marketing approval in Europe. ",,,,1227780283400781824,https://twitter.com/Nat_Sleep/status/1227780283400781824
2020-02-06 01:54:28,MattB49301653,AKUSociety,0,0,0,"What about drug purposing too? There are many drugs under development that are never made available to UK sufferers. Sunosi anyone?",,,,1225236282277814272,https://twitter.com/MattB49301653/status/1225236282277814272
2020-02-05 15:15:44,LexSelfMadeLife,,0,0,0,"$JAZZ Jazz Pharma Shares Volatile As Hearing FDA Says Reports Of Serious Risk Of Suicidal Behavior In Patients Taking Co.'s Sunosi ",,,,1225075543109967873,https://twitter.com/LexSelfMadeLife/status/1225075543109967873
2020-01-29 17:53:24,manduhhdanielle,,1,0,2,"Narcolepsy update: I started on half a dose of Sunosi and it was great for the first few days. Now the half dose doesn't do anything, so I took a full dose (my neuro said to!) and now I feel terrible. My face feels fuzzy and my heart is pounding so hard I feel it in my throat. ",,,,1222578504212107264,https://twitter.com/manduhhdanielle/status/1222578504212107264
2020-01-28 13:01:10,MontefioreWake,,0,0,2,"Sunosi (solriamfetol) approved in Europe to treat excessive daytime sleepiness in patients with #Narcolepsy and #ObstructiveSleepApnea",,,#Narcolepsy #ObstructiveSleepApnea,1222142574598729729,https://twitter.com/MontefioreWake/status/1222142574598729729
2020-01-27 22:45:50,PharmaNews,,0,0,0,"MSL DAILY PHARMA NEWS - EMA APPROVAL JAZZ NARCOLEPSY DRUG “Jazz Pharmaceuticals announced that the European Commission approved Sunosi (solriamfetol) to improve wakefulness and reduce excessive daytime sleepiness… https://www.instagram.com/p/B71yEWcp4os/?igshid=189zdy520cwcc",,,,1221927320539320323,https://twitter.com/PharmaNews/status/1221927320539320323
2020-01-25 20:05:41,TheMuslimHippie,,1,0,0,"It’s funny how not all Drs agree on meds. Like my dr would only give me up to 600mg of Trileptal while others would give me 900-1200. 1200mg is WAY too much. For me at least. Nobody wants me on that dose. And the sleep dr gives me sunosi &amp; provigil. My dr was so surprised",,,,1221162243175395328,https://twitter.com/TheMuslimHippie/status/1221162243175395328
2020-01-24 18:27:43,Afroauthor,the_kilt_thief,0,0,2,"That stinks. I hope the sunosi helps. I'll have to look into that other medication. I could definitely use some more help sleeping.",,,,1220775202356748288,https://twitter.com/Afroauthor/status/1220775202356748288
2020-01-24 18:21:53,the_kilt_thief,Afroauthor,1,0,2,"My heart doesn't like nuvigil, so I'm trying a brand new med called sunosi. Supposed to be heart healthier.",,,,1220773731112341505,https://twitter.com/the_kilt_thief/status/1220773731112341505
2020-01-23 20:00:33,Vedere_Group,,0,0,0,"Sunosi approved in Europe for EDS in narcolepsy, sleep apnoea http://dlvr.it/RNd1sR",,,,1220436176022179840,https://twitter.com/Vedere_Group/status/1220436176022179840
2020-01-23 17:00:07,PharmaReview,,0,0,0,"EU marketing authorisation has been given to Sunosi (solriamfetol) for excessive daytime sleepiness in adults with #narcolepsy or obstructive #sleepapnea http://bit.ly/38A42XG",,,#narcolepsy #sleepapnea,1220390769204322305,https://twitter.com/PharmaReview/status/1220390769204322305
2020-01-23 13:22:51,ClientPharmaLtd,,0,0,0,"Jazz Pharmaceuticals has received a European Marketing Authorisation for Sunosi (solriamfetol) as a treatment for excessive daytime sleepiness in adults with narcolepsy and obstructive sleep apnoea. http://www.pharmatimes.com/news/sunosi_approved_in_europe_for_narcolepsy,_sleep_apnoea_1323129",,,,1220336092005748738,https://twitter.com/ClientPharmaLtd/status/1220336092005748738
2020-01-23 05:11:44,annepylewriter,,1,0,3,"I started the med Sunosi, and lemme tell you, not only did the pharmacy cashier have no clue what it was, neither did the pharmacist! he stared at it for a moment, I said ""I took samples of it"", he said oh good, then ""I've never seen this before."" ",,,,1220212499435442176,https://twitter.com/annepylewriter/status/1220212499435442176
2020-01-23 04:31:58,RootsAnalysis,,0,0,0,"#Pharma #UPDATE @EU_Commision has approved #JazzPharmaceutical's #Sunosi for the treatment for excessive daytime sleepiness in adults with #narcolepsy and obstructive sleep #apnoea More at -",,,#Pharma #UPDATE #JazzPharmaceutical #Sunosi #narcolepsy #apnoea,1220202490466947073,https://twitter.com/RootsAnalysis/status/1220202490466947073
2020-01-22 16:30:27,PharmaTimes,,0,0,0,"Sunosi approved in Europe for EDS in narcolepsy, sleep apnoea http://www.pharmatimes.com/news/sunosi_approved_in_europe_for_narcolepsy,_sleep_apnoea_1323129 #lifesciences #pharmanews",,,#lifesciences #pharmanews,1220020913573433346,https://twitter.com/PharmaTimes/status/1220020913573433346
2020-01-22 13:28:03,SalehStevens,,0,0,0,"Sunosi approved in Europe for EDS in narcolepsy, sleep apnoea http://ow.ly/hRUe1027irP",,,,1219975012712689664,https://twitter.com/SalehStevens/status/1219975012712689664
2020-01-22 12:38:21,ScottMcKenzieCo,,0,0,0,"Jazz Pharmaceuticals has received a European Marketing Authorisation for Sunosi (solriamfetol) in #narcolepsy and #obstructivesleepapnoea. #sleep https://lnkd.in/dm6SH5S",,,#narcolepsy #obstructivesleepapnoea #sleep,1219962506413772800,https://twitter.com/ScottMcKenzieCo/status/1219962506413772800
2020-01-22 12:33:20,TheMuslimHippie,,0,0,1,"I need to pick up my sunosi today. Just remembered",,,,1219961240715436032,https://twitter.com/TheMuslimHippie/status/1219961240715436032
2020-01-21 17:18:33,Pharmafocus,,0,0,0,"Jazz Pharma's Sunosi becomes first EU-approved drug of its kind in narcolepsy and sleep apnoea http://bit.ly/36h5xIu",,,,1219670631706435584,https://twitter.com/Pharmafocus/status/1219670631706435584
2020-01-21 16:53:32,PBIForum,,0,1,1,"EU approval for Sunosi as Jazz expands neuroscience business to the bloc http://dlvr.it/RNT5gW",,,,1219664336643166208,https://twitter.com/PBIForum/status/1219664336643166208
2020-01-21 16:07:29,HypersomniaNews,,0,0,7,"The European Commission approved Jazz Pharmaceuticals’ Sunosi (solriamfetol) to improve wakefulness and reduce excessive daytime sleepiness in adults with #narcolepsy (with or without cataplexy) or obstructive sleep apnea. #BeyondSleepy #IH #KLS #OSA https://tinyurl.com/JazzEU",,,#narcolepsy #BeyondSleepy #IH #KLS #OSA,1219652745013030912,https://twitter.com/HypersomniaNews/status/1219652745013030912
2020-01-21 13:56:12,kells_jensen,,1,0,2,"Jazz Pharmaceuticals Receives EU Marketing Authorisation for Sunosi® (solriamfetol) for Excessive Daytime Sleepiness in Adults with Narcolepsy or Obstructive Sleep Apnea | Jazz Pharmaceuticals plc ",,,,1219619708699389952,https://twitter.com/kells_jensen/status/1219619708699389952
2020-01-21 13:25:06,PlexusVentures,,0,0,0,"$JAZZ - #JazzPharma's #Sunosi OK'd in Europe https://seekingalpha.com/news/3532890-jazz-pharmas-sunosi-okd-in-europe?source=tweet @SeekingAlpha @JazzPharma",,@SeekingAlpha @JazzPharma,#JazzPharma #Sunosi,1219611881410891776,https://twitter.com/PlexusVentures/status/1219611881410891776
2020-01-21 12:58:10,healthcarejon,,0,0,0,"Jazz Pharma's Sunosi becomes first EU-approved drug of its kind in narcolepsy and sleep apnoea : http://bit.ly/2NLJ6oB #pharmaceutical",,,#pharmaceutical,1219605103168106503,https://twitter.com/healthcarejon/status/1219605103168106503
2020-01-21 12:41:00,CareerBiotech,,0,0,0,"#jobs Jazz Pharma’s Sunosi becomes first EU-approved drug of its kind in narcolepsy and… ",,,#jobs,1219600783999676416,https://twitter.com/CareerBiotech/status/1219600783999676416
2020-01-21 11:32:42,BioStocks,,0,2,2,"$JAZZ Receives EU Marketing Authorisation for Sunosi for Excessive Daytime Sleepiness in Adults with Narcolepsy or Obstructive Sleep Apnea https://finance.yahoo.com/news/jazz-pharmaceuticals-receives-eu-marketing-153500503.html?soc_src=hl-viewer&amp;soc_trk=tw",,,,1219583594248753158,https://twitter.com/BioStocks/status/1219583594248753158
2020-01-21 09:43:10,CareerBiotech,,0,0,0,"#jobs Jazz Pharmaceuticals receives EU marketing authorisation for Sunosi for excessive… https://goo.gl/fb/eNBXae",,,#jobs,1219556029928812545,https://twitter.com/CareerBiotech/status/1219556029928812545
2020-01-20 23:59:43,IncredibleTrade,,0,0,1,"Jazz Pharmaceuticals Receives EU Marketing Authorisation for Sunosi for Excessive Daytime Sleepiness in Adults with Narcolepsy or Obstructive Sleep Apnea $JAZZ https://pro.benzinga.com @benzinga",,@Benzinga,,1219409201681850368,https://twitter.com/IncredibleTrade/status/1219409201681850368
2020-01-20 17:17:41,pharma_jonpi,,0,0,2,"Jazz Pharmaceuticals Receives EU Marketing Authorisation for Sunosi® (solriamfetol) for Excessive Daytime Sleepiness in Adults with Narcolepsy or Obstructive Sleep Apnea .@JazzPharma https://www.prnewswire.com/news-releases/jazz-pharmaceuticals-receives-eu-marketing-authorisation-for-sunosi-solriamfetol-for-excessive-daytime-sleepiness-in-adults-with-narcolepsy-or-obstructive-sleep-apnea-300989638.html",,@JazzPharma,,1219308024323592192,https://twitter.com/pharma_jonpi/status/1219308024323592192
2020-01-20 16:24:52,NoahBlaineNews,,0,0,0,"Jazz Pharmaceuticals Receives EU Marketing Authorisation for Sunosi® (solriamfetol) for Excessive Daytime Sleepiness in Adults with Narcolepsy or Obstructive Sleep Apnea https://noahsrss.wordpress.com/2020/01/20/jazz-pharmaceuticals-receives-eu-marketing-authorisation-for-sunosi-solriamfetol-for-excessive-daytime-sleepiness-in-adults-with-narcolepsy-or-obstructive-sleep-apnea-2/",,,,1219294735308926976,https://twitter.com/NoahBlaineNews/status/1219294735308926976
2020-01-20 16:14:19,NoahBlaineNews,,0,0,0,"Jazz Pharmaceuticals Receives EU Marketing Authorisation for Sunosi® (solriamfetol) for Excessive Daytime Sleepiness in Adults with Narcolepsy or Obstructive Sleep Apnea https://noahsrss.wordpress.com/2020/01/20/jazz-pharmaceuticals-receives-eu-marketing-authorisation-for-sunosi-solriamfetol-for-excessive-daytime-sleepiness-in-adults-with-narcolepsy-or-obstructive-sleep-apnea/",,,,1219292078330601473,https://twitter.com/NoahBlaineNews/status/1219292078330601473
2020-01-20 16:02:04,CrweWorld,,0,0,0,"Jazz Pharmaceuticals Receives EU Marketing Authorisation for Sunosi® (solriamfetol) for Excessive Daytime Sleepines http://crweworld.com/article/news-provided-by-pr-newswire/1385051/jazz-pharmaceuticals-receives-eu-marketing-authorisation-for-sunosi-solriamfetol-for-excessive-daytime-sleepiness-in-adults-with-narcolepsy-or-obstructive-sleep-apnea",,,,1219288996439707648,https://twitter.com/CrweWorld/status/1219288996439707648
2020-01-20 15:40:28,otcdynamics,,0,0,0,"$JAZZ Jazz Pharmaceuticals Receives EU Marketing Authorisation for Sunosi® (solriamfetol) for Excessive Daytime https://www.otcdynamics.com/jazz-jazz-pharmaceuticals-receives-eu-marketing-authorisation-for-sunosi-solriamfetol-for-excessive-daytime-sleepiness-in-adults-with-narcolepsy-or-obstructive-sleep-apnea/?utm_campaign=twitter&amp;utm_medium=twitter&amp;utm_source=twitter",,,,1219283559044784135,https://twitter.com/otcdynamics/status/1219283559044784135
2020-01-20 15:35:59,newsfilterio,,0,0,0,"Jazz Pharmaceuticals Receives EU Marketing Authorisation for Sunosi® for Excessive Daytime Sleepiness in Adults with Narcolepsy or Obstructive Sleep Apnea $JAZZ https://newsfilter.io/articles/jazz-pharmaceuticals-receives-eu-marketing-authorisation-for-sunosi-solriamfetol-for-excessive-dayti-71b5c3f901a66587e94e6217fe2b6170",,,,1219282431204904960,https://twitter.com/newsfilterio/status/1219282431204904960
2020-01-18 15:45:23,Mjw2521Webster,SleepyistMike,1,0,1,"No not yet. I was diagnosed in 2012. So far the only thing that gets me from point A to B is a stimulant. Which also sucks too, but I have to work and have kids to raise. I’ve kinda given up. Sunosi actually made me sleepier and more agitated. Was hopeful though.",,,,1218560023447719938,https://twitter.com/Mjw2521Webster/status/1218560023447719938
2020-01-16 14:31:32,AMettenborg,SleepyistMike,0,0,1,"I would love to learn more about Sunosi. You are so lucky you could get it so early. In Germany we still arent allowed to get it at all. Maybe the FDA allows it after May i have no working meds at the moment and not feeling good. Getting worse and praying for help!",,,,1217816659823681536,https://twitter.com/AMettenborg/status/1217816659823681536
2020-01-15 17:22:12,justinhorner,SleepyistMike,1,0,1,"Hopefully not too personal but do you also have cataplexy? Just wondering how people (with narcolepsy and cat.) have responded to sunosi",,,,1217497222369034241,https://twitter.com/justinhorner/status/1217497222369034241
2020-01-15 14:40:10,SleepyistMike,,10,4,26,"Today marks the last day of a 6 year journey. I participated in @JazzPharma phase 2 and 3 trials for #sunosi and it was all worth it. Not only did I find relief but now others like me can finally find peace. None of this would be possible without the @US_FDA #narcolepsy #nchat",,@JazzPharma @US_FDA,#sunosi #narcolepsy #nchat,1217456446213783553,https://twitter.com/SleepyistMike/status/1217456446213783553
2020-01-10 12:05:26,JackielynnR,DrGJackBrown,0,0,0,"I have been saying that he is abusive a narcoleptic medication called nuvigal, or sunosi, he is on something, either way",,,,1215605566619430913,https://twitter.com/JackielynnR/status/1215605566619430913
2020-01-09 16:07:05,JackielynnR,mmpadellan,1,0,0,"I would bet all the money I don't have, that he is taking nuvigal or sunosi, narcoleptic medication and I can see many things that would back it up, I have narcolepsy and I know the meds very well, and it makes sense",,,,1215303991669727234,https://twitter.com/JackielynnR/status/1215303991669727234
2020-01-09 08:44:12,TheMuslimHippie,,0,0,0,"Btw, sunosi significantly raises your bp. Which means my propranolol is now a necessity. So the headaches are here to stay if I don’t keep going to the neuro. Or something. Food for thought. ",,,,1215192537142628353,https://twitter.com/TheMuslimHippie/status/1215192537142628353
2020-01-09 08:34:43,TheMuslimHippie,,1,0,0,"That, and there are a host of other reasons one can be slurring their words as well. I’m not sure why people keep glossing over this. It doesn’t hurt me as someone who has used stimulants, like adderall, for him to be scrutinized. Whatsoever. I take Ritalin, sunosi, provigil...",,,,1215190147945455616,https://twitter.com/TheMuslimHippie/status/1215190147945455616
2020-01-09 03:22:24,JackielynnR,Mazonalyas,2,0,1,"Look for nuvigal or sunosi, he accused Clinton using the drug, nuvigal which is a narcoleptic medication to stay awake, IDK if Clinton was found guilty, but I think that a drug test should be done immediately hair follicle test",,,,1215111554661789696,https://twitter.com/JackielynnR/status/1215111554661789696
2020-01-09 02:26:37,JackielynnR,HMeemaw,0,0,1,"And don't backlash idk if Hilary was taking it, or the whole story, but I remember something only because nuvigal is a huge part of my treatment or sunosi",,,,1215097512534605825,https://twitter.com/JackielynnR/status/1215097512534605825
2020-01-02 17:24:17,dapstats,,1,0,0,"/5 Fifthly, #Sunosi from @JazzPharma. Used to treat sleepiness due to sleep apnea.",,@JazzPharma,#Sunosi,1212786704324513797,https://twitter.com/dapstats/status/1212786704324513797
2020-01-02 17:17:31,NotHF,lisamjarvis,2,0,5,"*glances at Sunosi* *looks closer* ... That looks fun. ",,,,1212785000837345281,https://twitter.com/NotHF/status/1212785000837345281
2019-12-28 03:05:21,LifeofMrsE,scrubsNsquats,1,0,0,"Have you heard of sunosi? It’s a new Ned for narcolepsy that it supposed to promote wakefulness. My mom is trying it, not sure if it’s working yet but thought you might be interested since I’m guessing you’ve tried all the other ones.",,,,1210758606624178178,https://twitter.com/LifeofMrsE/status/1210758606624178178
2019-12-24 17:12:58,lynnemurphy1,MohamedSunosi3,0,0,5,"Dear Sunosi, is the man safe now?",,,,1209522365723373569,https://twitter.com/lynnemurphy1/status/1209522365723373569
2019-12-24 07:29:57,Abdulaziz_Ada,Craig_Foster,0,1,2,"@Muhammed Sunosi we don’t know when we are going to be free from here. But we hope one day we’ll get out of here in freedom country.. and we will show you our contribution, our hope, our dreams.’ Raise your voice to end it. 7 years is too long http://GameOver.org.au #GameOver",,@Muhammed,#GameOver,1209375643575767040,https://twitter.com/Abdulaziz_Ada/status/1209375643575767040
2019-12-18 21:26:25,ardaniel,MapsCats,1,0,0,"It’s schedule IV, which is fairly low-level for that sort of thing, but the FDA paper has a great line: “SUNOSI produced Drug Liking scores similar to or lower than phentermine.” Drug Liking scores!",,,,1207411822392799233,https://twitter.com/ardaniel/status/1207411822392799233
2019-12-18 19:50:45,MapsCats,,3,0,5,"""SUNOSI is thought to act on two areas in the brain that help keep you awake during the day."" well that's comfortingly vague",,,,1207387748031717376,https://twitter.com/MapsCats/status/1207387748031717376
2019-12-09 08:08:35,abdalahalghamdi,,0,0,0,"My team representing the the new drug #sunosi - #solariamfetil ",,,#sunosi #solariamfetil,1203949550131646466,https://twitter.com/abdalahalghamdi/status/1203949550131646466
2019-12-03 23:20:29,MaisaCorp,,0,0,2,"$AXSM AXS-12, which met its primary endpoint in a phase 2 study in narcolepsy, could pose a threat to Jazz Pharmaceuticals' $JAZZ sleep franchise Xyrem $AXSM AXS-12's efficacy as largely comparable to $Jazz's Xyrem and Sunosi",,,,1202004707801214977,https://twitter.com/MaisaCorp/status/1202004707801214977
2019-11-25 20:00:22,MontefioreWake,,0,0,0,"If approved, Solriamfetol (Sunosi) will be the only licensed therapy in Europe for the treatment of excessive daytime sleepiness! ",,,,1199055247316000768,https://twitter.com/MontefioreWake/status/1199055247316000768
2019-11-15 16:18:07,BrainSightsApp,,0,0,0,"EMA Panel Backs Solriamfetol (Sunosi) for Narcolepsy, OSA - Medscape - Neurology via BrainSights for iOS ",,,,1195375435200290816,https://twitter.com/BrainSightsApp/status/1195375435200290816
2019-11-15 11:17:21,EURegulatory,,0,0,0,"Summary of opinion: Sunosi,solriamfetol, 14/11/2019, Positive: https://ift.tt/32P8Bdl #pharma #regulatory",,,#pharma #regulatory,1195299745209688064,https://twitter.com/EURegulatory/status/1195299745209688064
2019-11-14 16:37:22,SleepResearch_,,0,1,1,"Solriamfetol (Sunosi) for excessive daytime sleepiness. https://ift.tt/2ObQTLN",,,,1195017892481437698,https://twitter.com/SleepResearch_/status/1195017892481437698
2019-11-14 12:59:20,SportSleepDoc,Ufc26,0,0,0,"Sunosi is an excellent drug.",,,,1194963020675526658,https://twitter.com/SportSleepDoc/status/1194963020675526658
2019-11-14 05:43:28,Ufc26,,2,0,0,"@SportSleepDoc What percentage of patients do you believe wakix will replace Xyrem for. And or Sunosi. Do you think Sunosi will be popular among sleep medicine docs. And what is the patient population for this drug. Isn’t Ritalin just as good? Thank you",,@SportSleepDoc,,1194853332445257728,https://twitter.com/Ufc26/status/1194853332445257728
2019-11-06 05:50:03,SiteFocusHQ,,0,0,0,"$JAZZ Earnings Intelligence Analysis of recent earnings identified Jazz Pharmaceuticals Plc (NASDAQ: JAZZ ) business focus on (growth,sunosi,xyrem), (growth,narcolepsy,xyrem), (eds,growth,xyrem) http://www.bizpage.com/2019q3/image/jazz.jpg",,,,1191955885029052417,https://twitter.com/SiteFocusHQ/status/1191955885029052417
2019-10-26 20:10:49,_justmynature,SleepyistMike,0,0,2,"Today is Day 1 w/Sunosi (after years of Ritalin). ",,,,1188186238450319362,https://twitter.com/_justmynature/status/1188186238450319362
2019-10-25 20:40:56,ohkathleenelise,,0,0,0,"""Exercise caution when treating patients with SUNOSI who have a history of psychosis or bipolar disorders."" at some point I guess I'm supposed to stop being bitter about this type of shit",,,,1187831429130063872,https://twitter.com/ohkathleenelise/status/1187831429130063872
2019-10-18 23:08:17,TheMuslimHippie,,1,0,0,"Not complaining btw, just explaining. I can pick up the sunosi on Monday. My lil sis is so nice for taking me to the one pharmacy that would order it for me.",,,,1185331795388260352,https://twitter.com/TheMuslimHippie/status/1185331795388260352
2019-10-16 00:30:18,LS_Medical,,0,0,0,"Missed Them? US Food and Drug Administration #drug approvals, changes and updates as of Tuesday, October 8: #Dilaudid [NDA #019892], #Sunosi [NDA #211230], #Zohydro ER [NDA #202880] and others: http://ht.ly/l6Uy308xZj4",,,#drug #Dilaudid #Sunosi #Zohydro,1184265273353887745,https://twitter.com/LS_Medical/status/1184265273353887745
2019-10-15 00:30:16,LS_Medical,,0,0,0,"Missed Them? US Food and Drug Administration drug updates, changes and approvals as of Monday, October 7, 2019: #Hetlioz [NDA #205677], #Morphine Sulfate [NDA #202515], #Sunosi [NDA #211230] and others: http://ht.ly/qWfe308tGbw",,,#Hetlioz #Morphine #Sunosi,1183902878689382400,https://twitter.com/LS_Medical/status/1183902878689382400
2019-10-14 18:14:47,TheMuslimHippie,,3,0,2,"I like my sleep dr because he listens right away. I told him Ritalin isn’t working anymore so he said he wants to try something new. I’m falling asleep again and having narcolepsy symptoms. We’re trying something called sunosi. It’s for EDS. We’ll see what happens.",,,,1183808382618275840,https://twitter.com/TheMuslimHippie/status/1183808382618275840
2019-10-12 03:05:05,lynnemurphy1,MohamedSunosi3,0,0,3,"Seven years too long. Sending you love dear Sunosi.",,,,1182854676049346561,https://twitter.com/lynnemurphy1/status/1182854676049346561
2019-10-08 23:00:11,LS_Medical,,0,0,0,"Regulatory News: US Food and Drug Administration #drug approvals, changes and updates as of Tuesday, October 15: #Dilaudid [NDA #019892], #Sunosi [NDA #211230], #Zohydro ER [NDA #202880] and others: #FDA: http://ht.ly/l6Uy308xZj4",,,#drug #Dilaudid #Sunosi #Zohydro #FDA,1181705880112369664,https://twitter.com/LS_Medical/status/1181705880112369664
2019-10-07 23:00:11,LS_Medical,,0,0,0,"Regulatory News: US Food & Drug Administration drug approvals, updates and changes as of Monday, October 7: #Hetlioz [NDA #205677], #Morphine Sulfate [NDA #202515], #Sunosi [NDA #211230] and others. #FDA: http://ht.ly/PyIl308vvR2",,,#Hetlioz #Morphine #Sunosi #FDA,1181343492594917381,https://twitter.com/LS_Medical/status/1181343492594917381
2019-10-04 01:26:00,AnitaSwaner,,0,0,0,"@JazzPharma tried to contact jazzcares tonight about my Sunosi Card . Was on hold 4 times for over an hour. Read the entire Website. Only person to try to assist was in the Trials for IH but no real answer. My medication $801.91 #DaytimeSleepiness #NoCure4IH",,@JazzPharma,#DaytimeSleepiness #NoCure4IH,1179930638301966336,https://twitter.com/AnitaSwaner/status/1179930638301966336
2019-09-30 08:13:05,whambamboogie,SportSleepDoc,0,0,0,"Hi, do you have any idea when Sunosi will be approved in Europe/Germany? Thanks!",,,,1178583531288748032,https://twitter.com/whambamboogie/status/1178583531288748032
2019-09-30 08:02:17,whambamboogie,,1,0,1,"Hey all, I just learned that #Sunosi (Solriamfetol) has great effects on EDS! Has anyone any comments on this? It‘s been known under the trial name JZP-110 #narcolepsy #nchat",,,#Sunosi #narcolepsy #nchat,1178580812024954881,https://twitter.com/whambamboogie/status/1178580812024954881
2019-09-26 16:01:00,biospace,,0,1,3,"Earlier this year, Jazz won approval for Sunosi, another narcolepsy treatment. Now, Jazz Pharma Hits the Mark with Another Narcolepsy Treatment. ",,,,1177251733254344710,https://twitter.com/biospace/status/1177251733254344710
2019-09-24 00:55:07,EmmaFWW,,0,2,9,"20 days. 3 pharmacies. 2 insurance rejections. $250 (w/ coupon). And I finally have my Sunosi from @JazzPharma ordered and ready to be picked up tomorrow. Nobody should have to wait 20 days and spend hundreds for life altering medication. Can we have #MedicareForAll yet? #M4A",,@JazzPharma,#MedicareForAll #M4A,1176298985151242242,https://twitter.com/EmmaFWW/status/1176298985151242242
2019-09-22 18:11:37,BrandonPetersMD,,0,0,0,"Sunosi represents a brand new stimulant medication available for the treatment of sleepiness in both narcolepsy and sleep apnea. https://www.verywellhealth.com/sunosi-4706541 #WorldNarcolepsyDay #sleep #sleepy #sunosi #solriamfetol #narcolepsy",,,#WorldNarcolepsyDay #sleep #sleepy #sunosi #solriamfetol #narcolepsy,1175835055526039553,https://twitter.com/BrandonPetersMD/status/1175835055526039553
2019-09-20 17:27:00,pugliesemd,,0,0,0,"Sunosi: Stimulant Medication for Sleepiness in Sleep Apnea, Narcolepsy https://ecs.page.link/ujYDH #theiddoc #pugliesemd #infectiousdisease #id #atl #atlanta #physician #medical #health #insomnia #anxiety #depressionanxiety #cureinsomnia #sleepapnea #snoring #obstructivesleepapnea",,,#theiddoc #pugliesemd #infectiousdisease #id #atl #atlanta #physician #medical #health #insomnia #anxiety #depressionanxiety #cureinsomnia #sleepapnea #snoring #obstructivesleepapnea,1175099050489724932,https://twitter.com/pugliesemd/status/1175099050489724932
2019-09-16 17:01:56,AlissaWertz,,3,0,0,"I got a sample pack of @JazzPharma sunosi...fell in love with it &amp; now my insurance doesn't cover it because it's a new drug! I dont have $$to buy it, so I'm screwed. #narcolepsy",,@JazzPharma,#narcolepsy,1173643189280002051,https://twitter.com/AlissaWertz/status/1173643189280002051
2019-09-09 22:38:09,InnovSleepCtrs,,0,0,0,"Sunosi: Stimulant Medication for Sleepiness in Sleep Apnea, Narcolepsy https://www.verywellhealth.com/sunosi-4706541",,,,1171191087970607104,https://twitter.com/InnovSleepCtrs/status/1171191087970607104
2019-08-29 19:10:20,BrandonPetersMD,,0,0,5,"Check out information on the new stimulant for excessive sleepiness due to narcolepsy and sleep apnea called Sunosi (solriamfetol) from @JazzPharma. https://www.verywellhealth.com/sunosi-4706541 #sleep #narcolepsy #sleepapnea #Sunosi #solriamfetol #sleepiness #stimulant",,@JazzPharma,#sleep #narcolepsy #sleepapnea #Sunosi #solriamfetol #sleepiness #stimulant,1167152520894042118,https://twitter.com/BrandonPetersMD/status/1167152520894042118
2019-08-23 18:34:11,SportSleepDoc,,1,1,17,"Within the last month: #Sunosi available for #narcolepsy patients #Wakix approved for narcolepsy patients Neuro #sleep specialists do not have to maintain their primary specialty to keep their sleep specialist certification. That's more change than I've seen in 15 yrs.",,,#Sunosi #narcolepsy #Wakix #sleep,1164969097890803712,https://twitter.com/SportSleepDoc/status/1164969097890803712
2019-08-23 13:00:10,MedicalLetter,,0,0,0,"Solriamfetol (Sunosi) for Excessive Daytime Sleepiness http://bit.ly/2HgWDkz #narcolepsy #sleepapnea",,,#narcolepsy #sleepapnea,1164885040871985153,https://twitter.com/MedicalLetter/status/1164885040871985153
2019-08-20 09:39:34,CowenResearch,,0,0,1,"Ken Cacciatore published feedback from clinicians in early stages of $JAZZ Sunosi launch, including for the OSA indication",,,,1163747393512378368,https://twitter.com/CowenResearch/status/1163747393512378368
2019-08-19 15:00:22,epocrates,,0,0,2,"#NewMonographMonday Sunosi (solriamfetol), approved for narcolepsy and obstructive sleep apnea http://bit.ly/33M3bkP",,,#NewMonographMonday,1163465738356699138,https://twitter.com/epocrates/status/1163465738356699138
2019-08-10 00:24:34,KORBioHealth,,0,1,0,"SK Biopharm still hoping for an IPO in South Korea somewhere in 2H2019. They recently revealed that they received $36.5m milestone payments from $JAZZ in SUNOSI collaboration. The milestone payment is for the filing + FDA approval.",,,,1159983843073376256,https://twitter.com/KORBioHealth/status/1159983843073376256
2019-07-31 17:21:31,PrimaryCareAPRN,,0,0,2,"New Drug Product: Sunosi ",,,,1156615887123697664,https://twitter.com/PrimaryCareAPRN/status/1156615887123697664
2019-07-30 19:53:50,dtwResearchInc,,0,0,0,"Check out our primary research on sleep disorders! https://dtw.bz/SUNOSI #SUNOSI #JazzPharmaceuticals #dtwAwarenessStudy #AwarenessStudyResults #primaryResearch #solriamfetol #excessivesleepinesss #ES #sleepDisorders",,,#SUNOSI #JazzPharmaceuticals #dtwAwarenessStudy #AwarenessStudyResults #primaryResearch #solriamfetol #excessivesleepinesss #ES #sleepDisorders,1156291833770758144,https://twitter.com/dtwResearchInc/status/1156291833770758144
2019-07-24 16:17:37,ResearchPool,,0,0,0,"Moodys Investors Service - Jazz Securities Designated Activity Company: Update to credit analysis - ongoing Sunosi launch will help mitigate 2023 Xyrem generic competition: Our credit view of Jazz reflecting good growth from existing products and the… ",,,,1154063092273147904,https://twitter.com/ResearchPool/status/1154063092273147904
2019-07-22 19:30:16,TheSleepForum,,0,0,0,"Jazz Pharmaceuticals will be presenting several abstracts at Sleep 2019 in San Antonio on sodium oxybate or Xyrem and Sunosi, a drug recently approved to promote wakefulness in adult patients with excessive daytime sleepiness from narcolepsy or apnea. https://thesleepforum.com/sleep-medicine-research-update-from-jazz-at-sleep-2019-conference/",,,,1153386798510301184,https://twitter.com/TheSleepForum/status/1153386798510301184
2019-07-12 15:30:20,TheSleepForum,,0,0,1,"Jazz Pharmaceuticals will be presenting several abstracts at Sleep 2019 in San Antonio on sodium oxybate or Xyrem and Sunosi, a drug recently approved to promote wakefulness in adult patients with excessive daytime sleepiness from narcolepsy or apnea. https://thesleepforum.com/sleep-medicine-research-update-from-jazz-at-sleep-2019-conference/",,,,1149702538968436736,https://twitter.com/TheSleepForum/status/1149702538968436736
2019-07-11 16:19:31,SportSleepDoc,,1,0,7,"Guessing these #Sunosi samples will be gone in a week...It's like a new iPhone has dropped and there is a mad scramble around here to get it. So no doc, #narcolepsy patients are often not that satisfied with their current treatment. #sleepy",,,#Sunosi #narcolepsy #sleepy,1149352529140047874,https://twitter.com/SportSleepDoc/status/1149352529140047874
2019-07-10 07:05:20,NarcolepsyZzzzz,,0,1,2,"Ready, aim, launch: Jazz targets docs, consumers with branded Sunosi campaigns (via @JazzPharma) ""The biopharma's Sunosi is rolling out this week with branded doctor advertising, a stepped-up sales force &amp; digital direct-to-consumer pitches."" #narcolepsy",,@JazzPharma,#narcolepsy,1148850677571104769,https://twitter.com/NarcolepsyZzzzz/status/1148850677571104769
2019-07-09 15:08:55,Bandishgroup,,0,0,0,"Ready, aim, launch: Jazz targets docs, consumers with branded Sunosi campaigns https://www.fiercepharma.com/marketing/jazz-launches-sunosi-week-brand-campaign-to-docs-plus-direct-to-consumer-digital",,,,1148609987570274304,https://twitter.com/Bandishgroup/status/1148609987570274304
2019-07-08 23:54:26,mitdoc,SportSleepDoc,0,0,2,"#Narcolepsy treatment #Sunosi #Nchat",,,#Narcolepsy #Sunosi #Nchat,1148379850392186880,https://twitter.com/mitdoc/status/1148379850392186880
2019-07-08 20:23:34,Big4BioSF,,0,0,0,"As a consequence of the launch of Jazz's sleep drug Sunosi, the #pharma company is going into marketing overdrive. $JAZZ https://www.fiercepharma.com/marketing/jazz-launches-sunosi-week-brand-campaign-to-docs-plus-direct-to-consumer-digital",,,#pharma,1148326780626857984,https://twitter.com/Big4BioSF/status/1148326780626857984
2019-07-08 19:36:08,SportSleepDoc,,1,0,13,"Really excited for #narcolepsy and #SleepApnea patients to have a new drug for their excessive daytime sleepiness. For those of you who have been waiting years for JZP-110, #Sunosi is finally available. @JazzPharma #EDS",,@JazzPharma,#narcolepsy #SleepApnea #Sunosi #EDS,1148314845252636677,https://twitter.com/SportSleepDoc/status/1148314845252636677
2019-07-08 18:21:33,KKurbs,,0,0,0,"Ready, aim, launch: Jazz targets docs, consumers with branded Sunosi campaigns http://twib.in/l/XEoG4xGbdkkA #pharma",,,#pharma,1148296077331898369,https://twitter.com/KKurbs/status/1148296077331898369
2019-07-08 16:32:11,_timos_,,0,2,0,"Ready, aim, launch: Jazz targets docs, consumers with branded Sunosi campaigns http://dlvr.it/R81zFN &gt;&gt;&gt; http://lqventures.com #strategy #competitiveintelligence #marketing #biotech #pharma #pharmaceutical #CI #healthcare",,,#strategy #competitiveintelligence #marketing #biotech #pharma #pharmaceutical #CI #healthcare,1148268551205036032,https://twitter.com/_timos_/status/1148268551205036032
2019-07-08 16:16:15,EURegulatory,,0,0,0,"Ready, aim, launch: Jazz targets docs, consumers with branded Sunosi campaigns: https://ift.tt/2NFEinf #pharma #regulatory",,,#pharma #regulatory,1148264542901821441,https://twitter.com/EURegulatory/status/1148264542901821441
2019-07-08 16:13:14,tw_labofine,,0,0,0,"Ready, aim, launch: Jazz targets docs, consumers with branded Sunosi campaigns http://zpr.io/gJQ4F",,,,1148263784965967872,https://twitter.com/tw_labofine/status/1148263784965967872
2019-07-04 07:47:12,cmencke,,0,1,0,"AwesomeCapital: Jazz Pharma to launch Sunosi next week in U.S. https://awesomecapital.blogspot.com/2019/07/jazz-pharma-to-launch-sunosi-next-week.html?spref=tw",,,,1146686884661354496,https://twitter.com/cmencke/status/1146686884661354496
2019-07-03 13:43:09,newswelldone,,0,0,1,"$JAZZ: Jazz Pharma to launch Sunosi next week in US: https://www.StockNewsWires.com/jazz-jazz-pharma-to-launch-sunosi-next-week-in-us/",,,,1146414073757753344,https://twitter.com/newswelldone/status/1146414073757753344
2019-07-03 13:24:47,MarketCurrents,,0,1,0,"$JAZZ - Jazz Pharma to launch Sunosi next week in U.S. ",,,,1146409451689136129,https://twitter.com/MarketCurrents/status/1146409451689136129
2019-07-03 11:35:10,AnalystWire,,0,0,0,"Jazz Pharmaceuticals $JAZZ's Sunosi Launch is Priced to Maximize Opportunity - BMO ",,,,1146381869094789121,https://twitter.com/AnalystWire/status/1146381869094789121
2019-07-03 10:41:21,semodough,,0,2,2,"BMO $JAZZ held a webcast to highlight the official launch of Sunosi for EDS in narcolepsy and OSA, with KOLs offering their perspectives on the improved profile of Sunosi over standard-of-care for EDS and the untapped potential in those markets (especially OSA).",,,,1146368325041217536,https://twitter.com/semodough/status/1146368325041217536
2019-07-03 10:21:17,Quantumup1,,1,1,0,"Mizuho more cautious on $JAZZ 's Sunosi after last night's update ",,,,1146363275271188480,https://twitter.com/Quantumup1/status/1146363275271188480
2019-07-03 09:13:53,flylemurs,,0,0,0,"Mizuho more cautious on Jazz's Sunosi after last night's update https://ift.tt/308kxWt See the rest of the story here. http://Theflyonthewall.com provides the latest financial news as it breaks. Known as a leader in market intelligence, The Fly's real-time, streaming news feed k…",,,,1146346311370891264,https://twitter.com/flylemurs/status/1146346311370891264
2019-07-02 03:30:08,TheSleepForum,,0,0,0,"Jazz Pharmaceuticals will be presenting several abstracts at Sleep 2019 in San Antonio on sodium oxybate or Xyrem and Sunosi, a drug recently approved to promote wakefulness in adult patients with excessive daytime sleepiness from narcolepsy or apnea. https://thesleepforum.com/sleep-medicine-research-update-from-jazz-at-sleep-2019-conference/",,,,1145897416337453057,https://twitter.com/TheSleepForum/status/1145897416337453057
2019-07-01 19:30:07,epocrates,,0,0,0,"#NewMonographMonday Check out the new Epocrates monograph for Sunosi (solriamfetol), approved for narcolepsy and obstructive sleep apnea (http://bit.ly/2LuJUxF).",,,#NewMonographMonday,1145776617140162561,https://twitter.com/epocrates/status/1145776617140162561
2019-06-29 16:01:20,NeuroAdvisor,,0,0,0,"The Drug Enforcement Agency has designated Sunosi a Schedule IV controlled substance. ",,,,1144999298117111808,https://twitter.com/NeuroAdvisor/status/1144999298117111808
2019-06-26 11:15:06,PulmAdvisor,,0,0,0,"The Drug Enforcement Agency has designated Sunosi a Schedule IV controlled substance. ",,,,1143840102050881536,https://twitter.com/PulmAdvisor/status/1143840102050881536
2019-06-25 23:27:55,prpnews,,0,0,0,"http://tinyurl.com/yybvt8ub Jazz Pharmaceuticals Announces Webcast for Sunosi Investor Update",,,,1143662135580475392,https://twitter.com/prpnews/status/1143662135580475392
2019-06-25 22:53:49,HottestStockNow,,0,0,0,"$JAZZ to provide investors with an update on Sunosi http://crweworld.com/symbol/JAZZ",,,,1143653552721580032,https://twitter.com/HottestStockNow/status/1143653552721580032
2019-06-25 22:20:34,Briefingcom,,0,0,0,"$JAZZ: Jazz Pharma will host webcast on July 2 at 4:30 p.m. EDT to provide investors with an update on Sunosi http://bit.ly/2FwtVvm",,,,1143645185923928067,https://twitter.com/Briefingcom/status/1143645185923928067
2019-06-25 20:26:00,CrweWorld,,0,0,0,"Jazz Pharmaceuticals Announces Webcast for Sunosi Investor Update ",,,,1143616353896525824,https://twitter.com/CrweWorld/status/1143616353896525824
2019-06-25 20:19:26,pharminews,,0,0,1,"Jazz Pharmaceuticals Announces Webcast for Sunosi Investor Update - http://zpr.io/g5usp #pharma #news",,,#pharma #news,1143614701777104896,https://twitter.com/pharminews/status/1143614701777104896
2019-06-25 20:13:06,newswelldone,,0,0,0,"$JAZZ: Jazz Pharmaceuticals Announces Webcast for Sunosi Investor Update: https://www.StockNewsWires.com/jazz-jazz-pharmaceuticals-announces-webcast-for-sunosi-investor-update/",,,,1143613105366294531,https://twitter.com/newswelldone/status/1143613105366294531
2019-06-21 19:30:16,TheSleepForum,,0,0,0,"Jazz Pharmaceuticals will be presenting several abstracts at Sleep 2019 in San Antonio on sodium oxybate or Xyrem and Sunosi, a drug recently approved to promote wakefulness in adult patients with excessive daytime sleepiness from narcolepsy or apnea. https://thesleepforum.com/sleep-medicine-research-update-from-jazz-at-sleep-2019-conference/",,,,1142152776153092096,https://twitter.com/TheSleepForum/status/1142152776153092096
2019-06-20 15:30:00,neurology_live,,0,0,0,"Recently, @JazzPharma’s solriamfetol (#Sunosi), an FDA-approved therapy indicated to improve wakefulness in adults with excessive daytime sleepiness associated with #narcolepsy or #OSA, has been designated as a Schedule IV medication by the DEA.",,@JazzPharma,#Sunosi #narcolepsy #OSA,1141729922609664001,https://twitter.com/neurology_live/status/1141729922609664001
2019-06-19 02:21:30,tripdatabase,,0,0,0,"New2Trip: Solriamfetol (Sunosi) - To treat excessive sleepiness in adult patients w/ narcolepsy or obstructive sleep apnea http://bit.ly/2QtyxXm",,,,1141169102314192896,https://twitter.com/tripdatabase/status/1141169102314192896
2019-06-18 20:32:00,neurology_live,,0,0,0,"#Solriamfetol (Sunosi, @JazzPharma) is expected to be available in July 2019 in the United States. https://www.neurologylive.com/clinical-focus/us-dea-designates-solriamfetol-as-schedule-iv-for-excessive-daytime-sleepiness-associated-with-narcolepsy-obstructive-sleep-apnea",,@JazzPharma,#Solriamfetol,1141081146479878144,https://twitter.com/neurology_live/status/1141081146479878144
2019-06-18 19:20:08,PlexusVentures,,0,0,0,"#JazzPharma plans early July launch for #sleepiness med #Sunosi after #DEA scheduling https://www.fiercepharma.com/pharma/jazz-plans-early-july-launch-for-sleepiness-med-sunosi-after-dea-scheduling @FiercePharma @JazzPharma #wakefulness #narcolepsy #sleepapnea",,@FiercePharma @JazzPharma,#JazzPharma #sleepiness #Sunosi #DEA #wakefulness #narcolepsy #sleepapnea,1141063060486070279,https://twitter.com/PlexusVentures/status/1141063060486070279
2019-06-18 18:58:51,eMPR,,0,0,0,"Sunosi designated Schedule IV controlled substance by the #DEA $JAZZ",,,#DEA,1141057705634873345,https://twitter.com/eMPR/status/1141057705634873345
2019-06-18 16:47:22,Bandishgroup,,0,0,0,"Jazz plans early July launch for sleepiness med Sunosi after DEA scheduling https://www.fiercepharma.com/pharma/jazz-plans-early-july-launch-for-sleepiness-med-sunosi-after-dea-scheduling",,,,1141024616741298176,https://twitter.com/Bandishgroup/status/1141024616741298176
2019-06-18 15:01:55,RondaxePharma,,0,0,0,"Jazz plans early July launch for sleepiness med Sunosi after DEA scheduling https://hubs.ly/H0jn0tX0 by @fiercepharma",,@FiercePharma,,1140998078843019265,https://twitter.com/RondaxePharma/status/1140998078843019265
2019-06-18 13:15:00,neurology_live,,0,0,0,"#ICYMI: @JazzPharma’s #solriamfetol has been adjusted to a Schedule IV medication by the DEA. Branded as #Sunosi, it's approved for improving wakefulness in adults with excessive daytime sleepiness associated with #narcolepsy or #OSA.",,@JazzPharma,#ICYMI #solriamfetol #Sunosi #narcolepsy #OSA,1140971171724218368,https://twitter.com/neurology_live/status/1140971171724218368
2019-06-18 04:05:24,cafepharma,,0,0,0,"Jazz plans early July launch for sleepiness med Sunosi after DEA scheduling http://tinyurl.com/y2ksp5oy",,,,1140832861517504512,https://twitter.com/cafepharma/status/1140832861517504512
2019-06-18 03:35:22,cafepharma,,0,0,0,"Jazz plans early July launch for sleepiness med Sunosi after DEA scheduling http://tinyurl.com/y3s7lhzb",,,,1140825304287666177,https://twitter.com/cafepharma/status/1140825304287666177
2019-06-17 21:53:00,neurology_live,,0,0,0,"#ICYMI: @JazzPharma’s #solriamfetol has been adjusted to a Schedule IV medication by the DEA. Branded as #Sunosi, it's approved for improving wakefulness in adults with excessive daytime sleepiness associated with #narcolepsy or #OSA. https://www.neurologylive.com/clinical-focus/us-dea-designates-solriamfetol-as-schedule-iv-for-excessive-daytime-sleepiness-associated-with-narcolepsy-obstructive-sleep-apnea",,@JazzPharma,#ICYMI #solriamfetol #Sunosi #narcolepsy #OSA,1140739142965350400,https://twitter.com/neurology_live/status/1140739142965350400
2019-06-17 21:21:32,KKurbs,,0,0,0,"Jazz plans early July launch for sleepiness med Sunosi after DEA scheduling http://twib.in/l/XEd7pgnr7qLo #pharma",,,#pharma,1140731224346046464,https://twitter.com/KKurbs/status/1140731224346046464
2019-06-17 19:20:00,FiercePharma,,1,0,2,"Jazz plans early July launch for sleepiness med Sunosi after DEA scheduling https://www.fiercepharma.com/pharma/jazz-plans-early-july-launch-for-sleepiness-med-sunosi-after-dea-scheduling",,,,1140700639670034432,https://twitter.com/FiercePharma/status/1140700639670034432
2019-06-17 17:50:00,neurology_live,,0,0,1,".@JazzPharma’s #solriamfetol (Sunosi), indicated for improving #wakefulness in adults with excessive daytime #sleepiness associated with #narcolepsy or obstructive sleep apnea, has been designated as a Schedule IV medication by the #DEA. https://www.neurologylive.com/clinical-focus/us-dea-designates-solriamfetol-as-schedule-iv-for-excessive-daytime-sleepiness-associated-with-narcolepsy-obstructive-sleep-apnea",,@JazzPharma,#solriamfetol #wakefulness #sleepiness #narcolepsy #DEA,1140677989996224513,https://twitter.com/neurology_live/status/1140677989996224513
2019-06-17 17:12:07,_timos_,,0,2,0,"Jazz plans early July launch for sleepiness med Sunosi after DEA scheduling http://dlvr.it/R6mmTn &gt;&gt;&gt; http://lqventures.com #strategy #competitiveintelligence #marketing #healthcare #pharmaceutical #biotech #pharma #CI",,,#strategy #competitiveintelligence #marketing #healthcare #pharmaceutical #biotech #pharma #CI,1140668456074743808,https://twitter.com/_timos_/status/1140668456074743808
2019-06-17 16:55:12,byMattHoffman,,0,0,0,"Looks like @JazzPharma’s #solriamfetol has been adjusted to a Schedule IV medication by the DEA. Branded as #Sunosi, it's approved for improving wakefulness in adults with excessive daytime sleepiness associated with #narcolepsy or #OSA. https://www.neurologylive.com/clinical-focus/us-dea-designates-solriamfetol-as-schedule-iv-for-excessive-daytime-sleepiness-associated-with-narcolepsy-obstructive-sleep-apnea",,@JazzPharma,#solriamfetol #Sunosi #narcolepsy #OSA,1140664200710295552,https://twitter.com/byMattHoffman/status/1140664200710295552
2019-06-17 16:17:46,tw_labofine,,0,0,0,"Jazz plans early July launch for sleepiness med Sunosi after DEA scheduling http://zpr.io/gkL7c",,,,1140654781041709057,https://twitter.com/tw_labofine/status/1140654781041709057
2019-06-17 16:16:09,EURegulatory,,0,0,0,"Jazz plans early July launch for sleepiness med Sunosi after DEA scheduling: http://bit.ly/31CXS6q #pharma #regulatory",,,#pharma #regulatory,1140654374554931200,https://twitter.com/EURegulatory/status/1140654374554931200
2019-06-17 14:02:59,Briefingcom,,0,0,0,"$JAZZ: Jazz Pharma announces that the DEA has designated solriamfetol (Sunosi) as a Schedule IV medicine http://bit.ly/2Fe0qOM",,,,1140620861243662336,https://twitter.com/Briefingcom/status/1140620861243662336
2019-06-14 12:00:23,prpnews,,0,0,0,"http://tinyurl.com/y2jftbtx Jazz Pharmaceuticals Announces U.S. FDA Approval of Sunosi (solriamfetol) for Excessive Daytime Sleepiness Associated with Narcolepsy or Obstructive Sleep Apnea",,,,1139502841503125504,https://twitter.com/prpnews/status/1139502841503125504
2019-06-14 07:21:31,tripdatabase,,0,0,0,"New2Trip: Solriamfetol (Sunosi) - To treat excessive sleepiness in adult patients w/ narcolepsy or obstructive sleep apnea http://bit.ly/2QtyxXm",,,,1139432662412800002,https://twitter.com/tripdatabase/status/1139432662412800002
2019-06-13 17:36:46,CourtKlingbeil,,1,0,0,"@JazzPharma when will I be able to get Sunosi from my sleep doctor? Its almost been 90 days since it was approved by the FDA. Looking for some EDS relief! Thanks! #narcolepsy",,@JazzPharma,#narcolepsy,1139225107535159297,https://twitter.com/CourtKlingbeil/status/1139225107535159297
2019-06-13 15:07:08,MontefioreWake,,0,1,4,"Solriamfetol (Sunosi): New treatment for excessive daytime sleepiness in narcolepsy and sleep apnea should be available in a couple of months. ",,,,1139187451921084416,https://twitter.com/MontefioreWake/status/1139187451921084416
2019-06-11 01:30:12,TheSleepForum,,0,0,0,"Jazz Pharmaceuticals will be presenting several abstracts at Sleep 2019 in San Antonio on sodium oxybate or Xyrem and Sunosi, a drug recently approved to promote wakefulness in adult patients with excessive daytime sleepiness from narcolepsy or apnea. https://thesleepforum.com/sleep-medicine-research-update-from-jazz-at-sleep-2019-conference/",,,,1138257087656386561,https://twitter.com/TheSleepForum/status/1138257087656386561
2019-06-05 13:44:34,dgingery,,0,0,0,"Check this out too: CMC Review Update: Evenity Sequence Variants, Sunosi Split-Tablet Risks, Mayzent Particle Size ",,,,1136267573010546689,https://twitter.com/dgingery/status/1136267573010546689
2019-06-05 12:46:19,bowmancox,,0,0,0,"CMC Review Update: Evenity Sequence Variants, Sunosi Split-Tablet Risks, Mayzent Particle Size https://pink.pharmaintelligence.informa.com/articles/2019/06/03/cmc-review-update-evenity-sequence-variants-sunosi-splittablet-risks-mayzent-particle-size",,,,1136252910705229824,https://twitter.com/bowmancox/status/1136252910705229824
2019-06-05 09:21:30,tripdatabase,,0,0,0,"New2Trip: Solriamfetol (Sunosi) - To treat excessive sleepiness in adult patients w/ narcolepsy or obstructive sleep apnea http://bit.ly/2QtyxXm",,,,1136201366500777989,https://twitter.com/tripdatabase/status/1136201366500777989
2019-06-05 06:02:26,PharmaPinkSheet,,0,0,0,"CMC Review Update: Evenity Sequence Variants, Sunosi Split-Tablet Risks, Mayzent Particle Size http://bit.ly/2JWFdwM #PinkSheet",,,#PinkSheet,1136151272619270144,https://twitter.com/PharmaPinkSheet/status/1136151272619270144
2019-05-29 07:21:32,tripdatabase,,0,0,0,"New2Trip: Solriamfetol (Sunosi) - To treat excessive sleepiness in adult patients w/ narcolepsy or obstructive sleep apnea http://bit.ly/2QtyxXm",,,,1133634461344698368,https://twitter.com/tripdatabase/status/1133634461344698368
2019-05-22 10:39:14,semodough,,0,0,2,"BMO $JAZZ Management highlighted progress with pre-launch activities for Sunosi, optimism on continued strong growth for Xyrem and very solid profile for JZP-258 as LCE, and improving outlook for Hem/Onc franchise. Reiterate Outperform (now one of our top picks)",,,,1131147499555688448,https://twitter.com/semodough/status/1131147499555688448
2019-05-15 14:51:13,bobdds,BrandonPetersMD,0,0,2,"Thank you- Very interesting topic- thanks for all of your efforts and interest in this field- IH is extremely demoralizing and debilitiating- hoping Sunosi or future histamine agent has some use.",,,,1128674197847326721,https://twitter.com/bobdds/status/1128674197847326721
2019-04-25 02:05:44,karenlubell,JamesFallows,0,0,0,"Sunosi by Jazz Pharma just approved last month. Didn’t take them long. .",,,,1121233801898811394,https://twitter.com/karenlubell/status/1121233801898811394
2019-04-24 13:30:20,Alliance_Phar,,1,0,0,"FDA approves Jazz Pharmaceutical's Sunosi. Learn more here: https://www.pharmaceutical-technology.com/news/sunosi-fda-approval-jazz-pharma/?utm_source=s5_twitter_post&amp;utm_medium=twitter&amp;utm_campaign=s5_87654",,,,1121043700287778817,https://twitter.com/Alliance_Phar/status/1121043700287778817
2019-04-17 17:00:20,FDA_Drug_Info,,1,4,1,"New! Drug Trials Snapshot available for Sunosi (solriamfetol): https://go.usa.gov/xmj3P.",,,,1118559833966436352,https://twitter.com/FDA_Drug_Info/status/1118559833966436352
2019-04-16 16:18:33,eldispensador,,0,0,0,"CIENCIASMEDICASNEWS: SUNOSI: New Drug Trials Snapshot Posted https://elbiruniblogspotcom.blogspot.com/2019/04/sunosi-new-drug-trials-snapshot-posted.html?spref=tw",,,,1118186928959102977,https://twitter.com/eldispensador/status/1118186928959102977
2019-04-06 10:12:00,johnp_driscoll,,0,0,0,". @US_FDA authorises @JazzPharma 's #sleep disorder therapy Sunosi https://buff.ly/2FnraLT",,@US_FDA @JazzPharma,#sleep,1114470806313213957,https://twitter.com/johnp_driscoll/status/1114470806313213957
2019-04-02 07:03:11,amplia2mente,,0,0,0,"Sunosi (Solriamfetol Tablets) - new on RxList ",,,,1112973736221818880,https://twitter.com/amplia2mente/status/1112973736221818880
2019-03-29 23:23:01,Drug_Topics,,0,0,0,"Sunosi (solriamfetol) approved for excessive sleepiness in adults. http://bit.ly/2HVkuaS",,,,1111770770282344449,https://twitter.com/Drug_Topics/status/1111770770282344449
2019-03-29 07:17:52,atiah1170,,1,4,5,"“Feeling drowsy? FDA has approved Sunosi from Jazz Pharmaceuticals for the treatment of excessive daytime sleep” ""Sunosi is the first and only dual-acting dopamine and norepinephrine reuptake inhibitor"" Source: ACS Division of Medicinal Chemistry #Drug_Discovery @industries_ph",,@industries_ph,#Drug_Discovery,1111527880859615232,https://twitter.com/atiah1170/status/1111527880859615232
2019-03-29 00:30:17,LS_Medical,,0,0,0,"Missed Them? US #FDA #drug approvals, updates and changes as of Thursday, March 21: #Allopurinol [ANDA #077353], #Prezista [NDA #202895], #Sunosi [NDA #211230] and many others: http://ht.ly/cMha308aLut",,,#FDA #drug #Allopurinol #Prezista #Sunosi,1111425308668747781,https://twitter.com/LS_Medical/status/1111425308668747781
2019-03-28 16:11:38,MedPipeline,,0,0,0,"A new oral option and potential blockbuster -- Mayzent from Novartis -- gains a green-light this week for MS. Plus, is a male birth control pill a reality? Weekly Drug News Round-Up: March 27, 2019 - http://Drugs.com: https://www.drugs.com/newsletters/weekly/weekly-news-round-up-march-27-2019-1408.html?utm_source=ddc&amp;utm_medium=email&amp;utm_campaign=Weekly+News+Roundup+-+March+28%2C+2019&amp;utm_content=Read+the+full+roundup+here #Mayzent #Sunosi #Jatenzo",,,#Mayzent #Sunosi #Jatenzo,1111299819115606016,https://twitter.com/MedPipeline/status/1111299819115606016
2019-03-28 15:41:02,AcsMedi,,0,0,0,"Feeling drowsy? The FDA has approved Sunosi, a dopamine and norepinephrine reuptake inhibitor from @JazzPharma for the treatment of excessive daytime sleepiness due to narcolepsy or sleep apnea. #newdrug #WakeUp https://investor.jazzpharma.com/news-releases/news-release-details/jazz-pharmaceuticals-announces-us-fda-approval-sunositm",,@JazzPharma,#newdrug #WakeUp,1111292117744320513,https://twitter.com/AcsMedi/status/1111292117744320513
2019-03-27 17:47:55,MedicationMon,,0,1,0,"New drug #solriamfetol (#Sunosi) treats excessive daytime sleepiness associated with narcolepsy or obstructive sleep apnea https://apha.us/2Ua7swL",,,#solriamfetol #Sunosi,1110961659793813504,https://twitter.com/MedicationMon/status/1110961659793813504
2019-03-27 17:17:01,BernCartePharma,,0,0,0,"FDA Approves Sunosi (solriamfetol) for Excessive Daytime Sleepiness Associated with Narcolepsy or Obstructive Sleep Apnea ",,,,1110953886007939077,https://twitter.com/BernCartePharma/status/1110953886007939077
2019-03-26 13:30:35,zebra_trans,,0,0,0,"Sleep disorder drug Sunosi approved by FDA @JazzPharma @PharmaTechFocus #Sleepingdisorder #narcolepsy #pharma #pharmaceutical #drug https://buff.ly/2JxfFad",,@JazzPharma @PharmaTechFocus,#Sleepingdisorder #narcolepsy #pharma #pharmaceutical #drug,1110534513212432384,https://twitter.com/zebra_trans/status/1110534513212432384
2019-03-25 19:58:24,pharmacopsych,,0,0,2,"U.S. FDA has approved of solriamfetol (Sunosi; Jazz) for ""Excessive Daytime Sleepiness Associated with Narcolepsy or Obstructive Sleep Apnea."" Solriamfetol inhibits the dopamine (DAT) and norepinephrine (NET) transporters. https://investor.jazzpharma.com/node/16196/pdf",,,,1110269724385001474,https://twitter.com/pharmacopsych/status/1110269724385001474
2019-03-25 18:30:00,Pharmafocus,,0,1,0,"FDA authorises Jazz Pharma's sleep disorder therapy Sunosi http://bit.ly/2TPNYy8 #pharma",,,#pharma,1110247477410553866,https://twitter.com/Pharmafocus/status/1110247477410553866
2019-03-25 12:30:21,Pharmamarketeer,,0,0,0,"FDA authorises Jazz Pharma's sleep disorder therapy Sunosi - https://www.pharmamarketeer.nl/fda-authorises-jazz-pharmas-sleep-disorder-therapy-sunosi/",,,,1110156965991337985,https://twitter.com/Pharmamarketeer/status/1110156965991337985
2019-03-25 08:02:27,PharmaPinkSheet,,0,0,0,"Keeping Track: Thumbs Up For Zulresso And Sunosi, Thumbs Down For Zynquista And IV Meloxicam http://bit.ly/2uroeZC #PinkSheet",,,#PinkSheet,1110089548980207616,https://twitter.com/PharmaPinkSheet/status/1110089548980207616
2019-03-24 15:43:40,COSseaton,,0,0,0,"FDA Approves Sunosi (solriamfetol) for Excessive Daytime Sleepiness Associated with Narcolepsy or Obstructive Sleep Apnea ",,,,1109843231343169537,https://twitter.com/COSseaton/status/1109843231343169537
2019-03-24 08:45:06,RegProRecruit,,0,0,0,".@US_FDA authorises Jazz Pharma's sleep disorder #therapy Sunosi http://ow.ly/hHCp30o9sYd #regulatory",,@US_FDA,#therapy #regulatory,1109737893617192961,https://twitter.com/RegProRecruit/status/1109737893617192961
2019-03-23 14:43:24,LineArtly,,0,0,0,"Jazz scores FDA nod for sleepiness drug Sunosi, but a launch will have to wait ",,,,1109465674546638848,https://twitter.com/LineArtly/status/1109465674546638848
2019-03-23 07:13:21,JoseWorksTech,,0,0,0,"Jazz Pharmaceuticals Announces FDA Approval of Sunosi for Excessive Daytime Sleepiness ",,,,1109352415285915648,https://twitter.com/JoseWorksTech/status/1109352415285915648
2019-03-22 22:00:20,medicalnewser,,0,0,0,"FDA Approves Sunosi (solriamfetol) for Excessive Daytime Sleepiness Associated with Narcolepsy or Obstructive Sleep Apnea...",,,,1109213243975835649,https://twitter.com/medicalnewser/status/1109213243975835649
2019-03-22 20:54:26,DigitalPharma,,0,0,1,"Jazz scores FDA nod for sleepiness drug Sunosi: http://ow.ly/JCaz30o9Lcj @FiercePharma",,@FiercePharma,,1109196659051909121,https://twitter.com/DigitalPharma/status/1109196659051909121
2019-03-22 18:51:46,NarcolepsyZzzzz,,0,1,3,"#FDA Approves Once-Daily Solriamfetol (#Sunosi) for #Narcolepsy, #OSA: https://www.mdmag.com/medical-news/fda-approves-oncedaily-sunosi-for-narcolepsy-osa-patients #sleep #medicine #science #research #news",,,#FDA #Sunosi #Narcolepsy #OSA #sleep #medicine #science #research #news,1109165792782893056,https://twitter.com/NarcolepsyZzzzz/status/1109165792782893056
2019-03-22 17:05:04,evaluatepharma,,0,0,0,"Jazz wakes up to new revenues with Sunosi approval - http://ow.ly/EysE30o9mZi via @Vantageanalysis @ByLisaU $JAZZ",,@Vantageanalysis @ByLisaU,,1109138939716255749,https://twitter.com/evaluatepharma/status/1109138939716255749
2019-03-22 16:59:01,BionestPartners,,0,0,0,"Jazz scores FDA nod for sleepiness drug Sunosi, but a launch will have to wait. How long will DEA scheduling delay Sunosi – the first new sleepiness drug in a decade? #sleep #narcolepsy #sleepapnea #OSA https://buff.ly/2una5wD $JAZZ",,,#sleep #narcolepsy #sleepapnea #OSA,1109137416089231360,https://twitter.com/BionestPartners/status/1109137416089231360
2019-03-22 16:38:06,MDEdgeTweets,,0,5,2,"#FDAapproval: The Food and Drug Administration has approved solriamfetol (#Sunosi), the first #dopamine and #norepinephrine reuptake inhibitor for the treatment of excessive daytime sleepiness in patients with #narcolepsy or obstructive sleep apnea. #hcsm",,,#FDAapproval #Sunosi #dopamine #norepinephrine #narcolepsy #hcsm,1109132153420505088,https://twitter.com/MDEdgeTweets/status/1109132153420505088
2019-03-22 13:44:00,Physns1stWatch,,0,2,4,"The FDA has approved solriamfetol (Sunosi) to treat excessive daytime sleepiness in adults with #narcolepsy or obstructive sleep #apnea.",,,#narcolepsy #apnea,1109088338185781249,https://twitter.com/Physns1stWatch/status/1109088338185781249
2019-03-22 12:12:02,DrugStoreNews,,0,0,0,"Jazz Pharmaceuticals has received the Food and Drug Administration’s approval for Sunosi, which is indicated to improve wakefulness in adult patients with excessive daytime sleepiness associated with narcolepsy or obstructive sleep apnea. https://buff.ly/2umtopH",,,,1109065193710080000,https://twitter.com/DrugStoreNews/status/1109065193710080000
2019-03-22 11:17:22,healthcarejon,,0,0,0,"FDA authorises Jazz Pharma's sleep disorder therapy Sunosi : http://bit.ly/2TRO1cx #pharmaceutical",,,#pharmaceutical,1109051437856768002,https://twitter.com/healthcarejon/status/1109051437856768002
2019-03-22 11:15:32,Pharmafocus,,0,0,2,"FDA authorises Jazz Pharma's sleep disorder therapy Sunosi http://bit.ly/2TPNYy8 #pharma",,,#pharma,1109050975510249473,https://twitter.com/Pharmafocus/status/1109050975510249473
2019-03-22 10:12:26,theworldofCROs,,0,0,0,"FDA approves Jazz Pharma’s sleep disorder drug Sunosi ",,,,1109035096751919104,https://twitter.com/theworldofCROs/status/1109035096751919104
2019-03-22 07:15:19,Biosimilars3,,0,0,3,"Today Updates: 1. #Sunosi Approved for Excessive Daytime Sleepiness With #Narcolepsy, OSA For more details visit https://larixconferences.com/biosimilars/",,,#Sunosi #Narcolepsy,1108990521811177472,https://twitter.com/Biosimilars3/status/1108990521811177472
2019-03-22 06:59:08,Pharmashot,,0,0,0,"Jazz Pharmaceuticals’ Sunosi (solriamfetol) Receives FDA’s Approval for the Treatment of Sleep Disorders @JazzPharma https://pharmashots.com/2019/03/22/%EF%BB%BFjazz-pharmaceuticals-sunosi-solriamfetol-receives-fdas-approval-for-the-treatment-of-sleep-disorders/",,@JazzPharma,,1108986449607585792,https://twitter.com/Pharmashot/status/1108986449607585792
2019-03-22 01:07:51,MorundaGroup,,0,0,0,"The Food and Drug Administration approved Jazz Pharmaceuticals' new drug application for Sunosi, a once-daily medicine designed to improve wakefulness in adult... ",,,,1108898049546428416,https://twitter.com/MorundaGroup/status/1108898049546428416
2019-03-21 23:35:42,ausdisltd,,0,0,0,"The US Food and Drug Administration (FDA) has approved solriamfetol (Sunosi, Jazz Pharmaceuticals) to improve wakefulness in adults with excessive daytime sleepiness associated with #Narcolepsy or obstructive sleep apnea (OSA).",,,#Narcolepsy,1108874856236531712,https://twitter.com/ausdisltd/status/1108874856236531712
2019-03-21 22:18:01,MedicalLetter,,0,0,3,"The approval of Sunosi (solriamfetol) got us thinking about other drugs we've reviewed for narcolepsy. Here's our review of modafinil from 20 years ago. #TBT Our review of solriamfetol will use the peer-reviewed, consensus-based, objective process we've relied on for 60 years",,,#TBT,1108855308120657920,https://twitter.com/MedicalLetter/status/1108855308120657920
2019-03-21 21:34:48,SassyPharmD,,0,0,0,"Sunosi Approved for Excessive Daytime Sleepiness With Narcolepsy, OSA https://www.empr.com/home/news/sunosi-approved-for-excessive-daytime-sleepiness-with-narcolepsy-osa/ It’s a DNRI just like bupropion.....HMMM!",,,,1108844431107637253,https://twitter.com/SassyPharmD/status/1108844431107637253
2019-03-21 20:10:12,eMPR,,0,0,0,"Sunosi approved for excessive daytime sleepiness with narcolepsy, obstructive sleep apnea http://empr.com/home/news/sunosi-approved-for-excessive-daytime-sleepiness-with-narcolepsy-osa/",,,,1108823140350783489,https://twitter.com/eMPR/status/1108823140350783489
2019-03-21 19:05:43,EIPGeu,,0,0,0,"Jazz scores FDA nod for sleepiness drug Sunosi, but a launch will have to wait ",,,,1108806911569338369,https://twitter.com/EIPGeu/status/1108806911569338369
2019-03-21 18:25:02,COPD_bio,,0,2,0,"Jazz Pharmaceuticals gets FDA nod for Sunosi http://bioportfol.io/R1HgFB",,,,1108796676423061504,https://twitter.com/COPD_bio/status/1108796676423061504
2019-03-21 18:07:11,AdveraHealth,,0,0,0,"Jazz scores FDA nod for #sleepiness drug Sunosi, but a launch will have to wait | FiercePharma https://hubs.ly/H0h5N3s0",,,#sleepiness,1108792184613097472,https://twitter.com/AdveraHealth/status/1108792184613097472
2019-03-21 18:01:06,Ethical421,,0,0,0,"FDA Approves Once-Daily Sunosi for Narcolepsy, OSA Patients ",,,,1108790652375130115,https://twitter.com/Ethical421/status/1108790652375130115
2019-03-21 17:09:36,MedicalLetter,,0,0,0,"FDA approves Sunosi (solriamfetol) for excessive daytime sleepiness associated with narcolepsy or obstructive sleep apnea. First dopamine and norepinephrine reuptake inhibitor (DNRI). Will have to wait for DEA scheduling to launch https://bit.ly/2JsTdyJ",,,,1108777691342430208,https://twitter.com/MedicalLetter/status/1108777691342430208
2019-03-21 17:04:50,KKurbs,,0,0,0,"Jazz scores FDA nod for sleepiness drug Sunosi, but a launch will have to wait http://twib.in/l/yMr5A7eXpe7E #pharma",,,#pharma,1108776492912295937,https://twitter.com/KKurbs/status/1108776492912295937
2019-03-21 16:52:36,analystlandnews,,0,0,0,"Jazz scores FDA nod for sleepiness drug Sunosi, but a launch will have to wait http://dlvr.it/R1HML7",,,,1108773412086792192,https://twitter.com/analystlandnews/status/1108773412086792192
2019-03-21 16:25:43,Vantageanalysis,,0,1,1,"Jazz wakes up to new revenues with Sunosi approval http://www.evaluate.com/vantage/articles/news/snippets/jazz-wakes-new-revenues-sunosi-approval $JAZZ",,,,1108766649434427392,https://twitter.com/Vantageanalysis/status/1108766649434427392
2019-03-21 16:04:00,HealioIM,,0,2,0,".@US_FDA approves #Sunosi for excessive daytime sleepiness https://www.healio.com/internal-medicine/sleep-medicine/news/online/%7Bf6b4e567-a2d6-4863-8ab7-7cd2f05026d2%7D/fda-approves-sunosi-for-excessive-daytime-sleepiness?utm_medium=social&amp;utm_source=twitter&amp;utm_campaign=sociallinks",,@US_FDA,#Sunosi,1108761182461001728,https://twitter.com/HealioIM/status/1108761182461001728
2019-03-21 16:02:47,FiercePharma,,0,1,2,"Jazz scores FDA nod for sleepiness drug Sunosi, but a launch will have to wait https://www.fiercepharma.com/pharma/jazz-scores-fda-nod-for-sleepiness-med-sunosi-but-its-launch-will-have-to-wait",,,,1108760875220041730,https://twitter.com/FiercePharma/status/1108760875220041730
2019-03-21 15:58:02,ThePharmaLetter,,0,0,0,"Jazz’s Sunosi gets milestone FDA approval https://www.thepharmaletter.com/article/jazz-s-sunosi-gets-milestone-fda-approval @JazzPharma #biotech",,@JazzPharma,#biotech,1108759682309672960,https://twitter.com/ThePharmaLetter/status/1108759682309672960
2019-03-21 15:38:07,_timos_,,0,1,0,"Jazz scores FDA nod for sleepiness drug Sunosi, but a launch will have to wait http://dlvr.it/R1H6D1 &gt;&gt;&gt; http://lqventures.com #strategy #competitiveintelligence #marketing #pharma #biotech #CI #pharmaceutical #healthcare",,,#strategy #competitiveintelligence #marketing #pharma #biotech #CI #pharmaceutical #healthcare,1108754668933439488,https://twitter.com/_timos_/status/1108754668933439488
2019-03-21 15:23:19,marclefrancois4,,0,0,0,"Jazz Pharmaceuticals: FDA Approves Sunosi for Excessive Daytime Sleepiness in Narcolepsy or OSA https://www.marclefrancois.net/2019/03/21/jazz-pharmaceuticals-fda-approves-sunosi-for-excessive-daytime-sleepiness-in-narcolepsy-or-osa/",,,,1108750945071054848,https://twitter.com/marclefrancois4/status/1108750945071054848
2019-03-21 15:11:22,BrainSightsApp,,0,0,0,"FDA Clears Solriamfetol (Sunosi) for Narcolepsy, OSA - Medscape - Neurology via BrainSights ",,,,1108747936148717568,https://twitter.com/BrainSightsApp/status/1108747936148717568
2019-03-21 14:41:07,EURegulatory,,0,0,0,"Jazz scores FDA nod for sleepiness drug Sunosi, but a launch will have to wait: https://ift.tt/2Fj0trK #pharma #regulatory",,,#pharma #regulatory,1108740323239436290,https://twitter.com/EURegulatory/status/1108740323239436290
2019-03-21 14:39:42,behavenet,,0,0,0,"Sunosi brand solriamfetol approved for promoting wakefulness https://behavenet.com/sunosi",,,,1108739967902195712,https://twitter.com/behavenet/status/1108739967902195712
2019-03-21 14:35:23,drhatton,,0,0,0,"#FDAapproves #Sunosi (#solriamfetol) for narcolepsy or obstructive sleep apnea. Do you know how to say the generic name? Sol-rih-AM-fuh-tawl #PROnounce #ProDataHealth #pronunciation",,,#FDAapproves #Sunosi #solriamfetol #PROnounce #ProDataHealth #pronunciation,1108738880537325569,https://twitter.com/drhatton/status/1108738880537325569
2019-03-21 14:19:02,neurology_live,,0,2,2,"The US #FDA has approved solriamfetol (Sunosi, @JazzPharma) for the treatment of excessive daytime sleepiness in adults with #narcolepsy or obstructive sleep apnea.",,@JazzPharma,#FDA #narcolepsy,1108734767292395521,https://twitter.com/neurology_live/status/1108734767292395521
2019-03-21 14:15:15,MDMagazine,,0,0,0,"Sunosi, from @JazzPharma, becomes the first DNRI to treat excessive daytime sleepiness in adults with narcolepsy or OSA to receive @USFDA approval.",,@JazzPharma @USFDA,,1108733813876768768,https://twitter.com/MDMagazine/status/1108733813876768768
2019-03-21 12:12:09,Briefingcom,,0,0,0,"$JAZZ: Jazz Pharma announces FDA approval of Sunosi (solriamfetol) to improve wakefulness in adult patients with... http://bit.ly/2TlHyl9",,,,1108702836949286912,https://twitter.com/Briefingcom/status/1108702836949286912
2019-03-21 10:38:02,newswithvalue,,0,0,0,"$JAZZ: FDA approves Jazz Pharma’s Sunosi: https://www.StockNewsWires.com/jazz-fda-approves-jazz-pharmas-sunosi/",,,,1108679150850764801,https://twitter.com/newswithvalue/status/1108679150850764801
2019-03-21 10:29:09,fwpharma,,0,2,1,"Jazz Pharmaceuticals gains FDA approval of sleep disorder drug Sunosi https://www.firstwordpharma.com/node/1630697 $JAZZ",,,,1108676917316775936,https://twitter.com/fwpharma/status/1108676917316775936
2019-03-21 10:26:50,MarketCurrents,,0,0,0,"$JAZZ - FDA approves Jazz Pharma's Sunosi ",,,,1108676332257337344,https://twitter.com/MarketCurrents/status/1108676332257337344
2019-03-21 05:25:49,Consumer__Watch,,0,0,0,"FDA Approves Sunosi (solriamfetol) for Excessive Daytime Sleepiness Associated with Narcolepsy or Obstructive Sleep Apnea ",,,,1108600577343307776,https://twitter.com/Consumer__Watch/status/1108600577343307776
2019-03-21 04:28:14,TheKoreaHerald,,0,0,1,"#SKBiopharmaceuticals marks first #FDA approval #sunosi #solriamfetol",,,#SKBiopharmaceuticals #FDA #sunosi #solriamfetol,1108586087520178176,https://twitter.com/TheKoreaHerald/status/1108586087520178176
2019-03-21 04:08:48,SportSleepDoc,,0,0,0,"It looks like #narcolepsy patients have a new option! @JazzPharma #Sunosi #JZP110 #solriamfetol",,@JazzPharma,#narcolepsy #Sunosi #JZP110 #solriamfetol,1108581197150601216,https://twitter.com/SportSleepDoc/status/1108581197150601216
2019-03-21 01:27:34,drrickbarnett,,0,0,0,"FDA Approves Sunosi (solriamfetol) for Excessive Daytime Sleepiness (EDS) Assoc w/Narcolepsy or Obstructive Sleep Apnea. It’s the “1st dual-acting dopamine+norepinephrine reuptake inhibitor(DNRI) approved to treat EDS in adults living w/ narcolepsy or OSA. ",,,,1108540622145753090,https://twitter.com/drrickbarnett/status/1108540622145753090
2019-03-21 01:22:00,MedPipeline,,0,0,0,"FDA Approves Sunosi (solriamfetol) for Excessive Daytime Sleepiness Associated with Narcolepsy or Obstructive Sleep Apnea ",,,,1108539221625720833,https://twitter.com/MedPipeline/status/1108539221625720833
2019-03-21 00:52:42,DrugscomNew,,0,0,1,"FDA Approves #Sunosi (solriamfetol) for Daytime Sleepiness Associated with Narcolepsy or Obstructive Sleep Apnea - ",,,#Sunosi,1108531848785903616,https://twitter.com/DrugscomNew/status/1108531848785903616
2019-03-21 00:52:42,Drugscom,,0,4,7,"FDA Approves #Sunosi (solriamfetol) for Daytime Sleepiness Associated with Narcolepsy or Obstructive Sleep Apnea - ",,,#Sunosi,1108531847603150849,https://twitter.com/Drugscom/status/1108531847603150849
2019-03-21 00:21:20,BioCentury,,0,0,1,"FDA approves Jazz's Sunosi for daytime sleepiness $JAZZ",,,,1108523951590912000,https://twitter.com/BioCentury/status/1108523951590912000
2019-03-21 00:02:12,CristinNara,,0,0,0,"$JAZZ's Sunosi (solriamfetol) finally nabs that approval. first comments from Bruce Cozadd on @TheTerminal",,@TheTerminal,,1108519136328642562,https://twitter.com/CristinNara/status/1108519136328642562
2019-03-20 23:56:37,HottestStockNow,,0,0,0,"FDA OKs of $JAZZ 's Sunosi for Excessive Daytime Sleepiness Associated with Narcolepsy or Obstructive Sleep Apnea http://crweworld.com/symbol/JAZZ",,,,1108517733035962370,https://twitter.com/HottestStockNow/status/1108517733035962370
2019-03-20 23:46:22,FN_News_en,,0,0,0,"Jazz Pharmaceuticals Announces U.S. FDA Approval of Sunosi (solriamfetol) for Excessive Daytime Sleepiness Ass ",,,,1108515154780655616,https://twitter.com/FN_News_en/status/1108515154780655616
2019-03-20 23:34:24,cmencke,,0,1,0,"AwesomeCapital: Jazz Pharma Sunosi for excessive daytime sleepines... https://awesomecapital.blogspot.com/2019/03/jazz-pharma-sunosi-for-excessive.html?spref=tw",,,,1108512140997152769,https://twitter.com/cmencke/status/1108512140997152769
2019-03-20 23:29:01,Trade_The_News,,0,2,1,"$JAZZ U.S. FDA approves Sunosi (solriamfetol) for Excessive Daytime Sleepiness Associated with Narcolepsy or Obstructive Sleep Apnea (Jazz Pharmaceuticals) (More at https://www.tradethenews.com/?twtId=6994)",,,,1108510789110022144,https://twitter.com/Trade_The_News/status/1108510789110022144
2019-03-20 23:23:33,BedRaceforN,,1,2,4,"The FDA has approved a new medication, Sunosi, for the treatment of excessive daytime sleepiness in people with narcolepsy! https://investor.jazzpharma.com/news-releases/news-release-details/jazz-pharmaceuticals-announces-us-fda-approval-sunositm https://investor.jazzpharma.com/news-releases/news-release-details/jazz-pharmaceuticals-announces-us-fda-approval-sunositm",,,,1108509409850900480,https://twitter.com/BedRaceforN/status/1108509409850900480
2019-03-20 23:07:19,gcassidy718,,0,0,0,"Jazz Pharmaceuticals Announces U.S. FDA Approval of Sunosi(TM) (solriamfetol) for Excessive Daytime Sleepiness Associated with Narcolepsy or Obstructive Sleep Apnea. $JAZZ https://blueequity.io/r/25290",,,,1108505326972620801,https://twitter.com/gcassidy718/status/1108505326972620801
2019-03-20 23:03:43,pharminews,,0,1,3,"Jazz Pharmaceuticals Announces U.S. FDA Approval of Sunosi(TM) (solriamfetol) for Excessive Daytime Sleepiness Associated with Narcolepsy or Obstructive Sleep Apnea - http://zpr.io/ghkni #pharma #news",,,#pharma #news,1108504418880835585,https://twitter.com/pharminews/status/1108504418880835585
2019-03-20 22:58:03,ProVesting,,0,0,0,"$JAZZ: Jazz Pharmaceuticals Announces US FDA Approval of Sunosi …: https://www.StockNewsWires.com/jazz-jazz-pharmaceuticals-announces-us-fda-approval-of-sunosi/",,,,1108502995094958082,https://twitter.com/ProVesting/status/1108502995094958082
2018-12-26 11:24:21,lynnemurphy1,MohamedSunosi3,0,0,2,"Thank you Sunosi. All I want for Christmas is to know that #Manus &amp; #Nauru will close forever &amp; everyone come here for healing. If resettlement in a 3rd country is what you want, then that should happen too, but not until everyone is feeling strong &amp; well again.",,,#Manus #Nauru,1077887837465276416,https://twitter.com/lynnemurphy1/status/1077887837465276416
2018-10-27 10:40:26,jaye_griff_fan,,0,0,0,"Making a long journey today so humour me #Casualty fans, what Hogwarts house do you think the main characters are in? Connie - Slytherin (ambition) David/Dylan - Gryffindor (rescued Sunosi, always get into trouble ) Elle - Hufflepuff (loyal, caring, strong defender)",,,#Casualty,1056133513613885441,https://twitter.com/jaye_griff_fan/status/1056133513613885441
2018-03-26 07:38:43,leonardjcohen,MohamedSunosi3,0,0,0,"13 likes more than cancels out the one unkind comment, Sunosi.",,,,978174394034921473,https://twitter.com/leonardjcohen/status/978174394034921473
2018-03-24 15:10:53,leonardjcohen,MohamedSunosi3,0,0,0,"Thanks, Sunosi.",,,,977563408294752258,https://twitter.com/leonardjcohen/status/977563408294752258
2018-03-21 13:36:29,leonardjcohen,MohamedSunosi3,0,0,0,"Hi Sunosi. Hope you are well. Please give my regards to your comrades.",,,,976452486830542850,https://twitter.com/leonardjcohen/status/976452486830542850
2018-03-20 00:21:13,leonardjcohen,fuzzybusters,1,0,0,"Thank you for correcting my spelling, Mr McApples. I appreciate your efforts and your concern for Sunosi's feelings. If I knew your name, I'd spell it correctly. Kind regards, Leonard Cohen",,,,975889966445207557,https://twitter.com/leonardjcohen/status/975889966445207557
2018-03-20 00:10:05,leonardjcohen,contriteshadow,1,0,1,"@sunosi3 This is what sincere good Australians think, Sunosi Thanks, @contriteshadow",,@contriteshadow,,975887163953881088,https://twitter.com/leonardjcohen/status/975887163953881088
2018-03-20 00:04:44,leonardjcohen,MohamedSunosi3,0,2,0,"Thank you for your reminders, Sunosi. ",,,,975885816135217153,https://twitter.com/leonardjcohen/status/975885816135217153
2018-03-19 22:50:29,leonardjcohen,FakeAsianDoctor,0,2,3,"Hi Sunosi. Good news about Behrouz. ",,,,975867129441304577,https://twitter.com/leonardjcohen/status/975867129441304577
2018-03-19 22:30:28,leonardjcohen,leonardjcohen,0,0,0,"Sorry, Sunosi. I misspelled your name.",,,,975862092698759168,https://twitter.com/leonardjcohen/status/975862092698759168
2018-03-13 04:47:29,leonardjcohen,MohamedSunosi3,0,0,2,"Why would one spend time reacting to the trolls? Thank you Sunosi. ",,,,973420259632824321,https://twitter.com/leonardjcohen/status/973420259632824321
2018-01-29 06:02:26,lynnemurphy1,MohamedSunosi3,0,0,0,"Such a hard life dear Sunosi. Sending you love on these terrible days.",,,,957856439963275264,https://twitter.com/lynnemurphy1/status/957856439963275264
2018-01-20 11:47:42,hessa_sunosi,,0,0,0,"Walking Walking | Nursery Rhymes | Super Simple Songsks https://www.youtube.com/watch?v=fPMjnlTEZwU&amp;feature=share",,,,954681840404660224,https://twitter.com/hessa_sunosi/status/954681840404660224
2016-08-14 21:09:38,hessa_sunosi,,0,0,0,"Funniest App Ever. Download Now!!! Crazy Helium Booth HD Free http://itunes.apple.com/app/id652205961",,,,764932013593952256,https://twitter.com/hessa_sunosi/status/764932013593952256
2016-03-10 13:37:40,hessa_sunosi,,0,0,0,"Funniest App Ever. Download Now!!! Crazy Helium Booth HD Free Bubfth http://itunes.apple.com/app/id652205961",,,,707923376266993664,https://twitter.com/hessa_sunosi/status/707923376266993664
2012-10-14 08:19:48,AmoModise,,0,0,0,"Grand RT @sunosi: @AmoModise hwz life""",,@sunosi @AmoModise,,257395267354128384,https://twitter.com/AmoModise/status/257395267354128384
2012-10-14 08:17:18,sunosi,,0,0,0,"@AmoModise hwz life",,@AmoModise,,257394638745391104,https://twitter.com/sunosi/status/257394638745391104
2012-10-13 00:07:01,sunosi,,0,0,0,"Gods is good all the time",,,,256908867181625347,https://twitter.com/sunosi/status/256908867181625347
2012-05-28 21:35:28,FajerAlSalem,hessa_sunosi,0,0,0,"@hessa_sunosi LOOOLLL m3qoulaa hathee alneehaya:(?",,@hessa_sunosi,,207223590486163457,https://twitter.com/FajerAlSalem/status/207223590486163457
2012-05-07 20:36:09,FajerAlSalem,hessa_sunosi,0,0,0,"@hessa_sunosi loooooooll theeeqaaa:'(",,@hessa_sunosi,,199598515398250498,https://twitter.com/FajerAlSalem/status/199598515398250498
2012-03-25 17:06:19,FajerAlSalem,hessa_sunosi,0,0,0,"@hessa_sunosi LOOOOLLL:'(:::: yallaahh na6rtich:::",,@hessa_sunosi,,183963032475537408,https://twitter.com/FajerAlSalem/status/183963032475537408
2012-03-18 13:27:35,FajerAlSalem,hessa_sunosi,0,0,0,"@hessa_sunosi loooooll ehh wallaahhh:::",,@hessa_sunosi,,181371273501351937,https://twitter.com/FajerAlSalem/status/181371273501351937
2012-03-18 13:07:56,FajerAlSalem,hessa_sunosi,0,0,0,"@hessa_sunosi LOOLL shftaayy shlounn:(",,@hessa_sunosi,,181366328404361217,https://twitter.com/FajerAlSalem/status/181366328404361217
2012-03-13 13:03:47,OsamaSquillaci2,,0,0,0,"#Sunosi we will we will rock you",,,#Sunosi,179553343675449346,https://twitter.com/OsamaSquillaci2/status/179553343675449346
2012-01-14 17:18:04,hessa_sunosi,,0,0,0,"@ShaikhaSanousi. Shaikoo miss you",,,,158236451342008320,https://twitter.com/hessa_sunosi/status/158236451342008320
2011-04-26 21:06:07,hathbenali,,0,0,0,"Mr. Sunosi El Besekre has said in Al Jazeera that more than 230 rape case been documented. Oh Allah, safe our... http://fb.me/ElyEVKSM",,,,62985833963208704,https://twitter.com/hathbenali/status/62985833963208704
